date,total_cases,total_deaths,hosp_patients,weekly_hosp_admissions
2020-01-05,0.0,0.0,,
2020-01-06,0.0,0.0,,
2020-01-07,0.0,0.0,,
2020-01-08,0.0,0.0,,
2020-01-09,0.0,0.0,,
2020-01-10,0.0,0.0,,
2020-01-11,0.0,0.0,,
2020-01-12,0.0,0.0,,
2020-01-13,0.0,0.0,,
2020-01-14,0.0,0.0,,
2020-01-15,0.0,0.0,,
2020-01-16,0.0,0.0,,
2020-01-17,0.0,0.0,,
2020-01-18,0.0,0.0,,
2020-01-19,0.0,0.0,,
2020-01-20,0.0,0.0,,
2020-01-21,0.0,0.0,,
2020-01-22,0.0,0.0,,
2020-01-23,0.0,0.0,,
2020-01-24,0.0,0.0,,
2020-01-25,0.0,0.0,,
2020-01-26,0.0,0.0,,
2020-01-27,0.0,0.0,,
2020-01-28,0.0,0.0,,
2020-01-29,0.0,0.0,,
2020-01-30,0.0,0.0,,
2020-01-31,0.0,0.0,,
2020-02-01,0.0,0.0,,
2020-02-02,0.0,0.0,,
2020-02-03,0.0,0.0,,
2020-02-04,0.0,0.0,,
2020-02-05,0.0,0.0,,
2020-02-06,0.0,0.0,,
2020-02-07,0.0,0.0,,
2020-02-08,0.0,0.0,,
2020-02-09,0.0,0.0,,
2020-02-10,0.0,0.0,,
2020-02-11,0.0,0.0,,
2020-02-12,0.0,0.0,,
2020-02-13,0.0,0.0,,
2020-02-14,0.0,0.0,,
2020-02-15,0.0,0.0,,
2020-02-16,0.0,0.0,,
2020-02-17,0.0,0.0,,
2020-02-18,0.0,0.0,,
2020-02-19,0.0,0.0,,
2020-02-20,0.0,0.0,,
2020-02-21,0.0,0.0,,
2020-02-22,0.0,0.0,,
2020-02-23,0.0,0.0,,
2020-02-24,0.0,0.0,,
2020-02-25,0.0,0.0,,
2020-02-26,0.0,0.0,,
2020-02-27,0.0,0.0,,
2020-02-28,0.0,0.0,,
2020-02-29,0.0,0.0,,
2020-03-01,0.0,0.0,,
2020-03-02,0.0,0.0,,
2020-03-03,0.0,0.0,,
2020-03-04,0.0,0.0,,
2020-03-05,0.0,0.0,,
2020-03-06,0.0,0.0,,
2020-03-07,0.0,0.0,,
2020-03-08,6.0,0.0,,
2020-03-09,6.0,0.0,,
2020-03-10,6.0,0.0,,
2020-03-11,6.0,0.0,,
2020-03-12,6.0,0.0,,
2020-03-13,6.0,0.0,,
2020-03-14,6.0,0.0,,
2020-03-15,103.0,3.0,,
2020-03-16,103.0,3.0,,
2020-03-17,103.0,3.0,,
2020-03-18,103.0,3.0,,
2020-03-19,103.0,3.0,,
2020-03-20,103.0,3.0,,
2020-03-21,103.0,3.0,,
2020-03-22,534.0,5.0,,
2020-03-23,534.0,5.0,,
2020-03-24,534.0,5.0,,
2020-03-25,534.0,5.0,,
2020-03-26,534.0,5.0,,
2020-03-27,534.0,5.0,,
2020-03-28,534.0,5.0,,
2020-03-29,1638.0,18.0,,
2020-03-30,1638.0,18.0,,
2020-03-31,1638.0,18.0,,
2020-04-01,1638.0,18.0,,
2020-04-02,1638.0,18.0,,
2020-04-03,1638.0,18.0,,
2020-04-04,1638.0,18.0,,
2020-04-05,3627.0,79.0,,
2020-04-06,3627.0,79.0,,
2020-04-07,3627.0,79.0,,
2020-04-08,3627.0,79.0,2425.0,
2020-04-09,3627.0,79.0,,
2020-04-10,3627.0,79.0,,
2020-04-11,3627.0,79.0,,
2020-04-12,6355.0,208.0,,
2020-04-13,6355.0,208.0,2510.0,
2020-04-14,6355.0,208.0,,
2020-04-15,6355.0,208.0,2499.0,
2020-04-16,6355.0,208.0,2607.0,
2020-04-17,6355.0,208.0,2673.0,
2020-04-18,6355.0,208.0,,
2020-04-19,8742.0,345.0,2482.0,
2020-04-20,8742.0,345.0,2511.0,
2020-04-21,8742.0,345.0,2914.0,
2020-04-22,8742.0,345.0,3505.0,
2020-04-23,8742.0,345.0,3099.0,
2020-04-24,8742.0,345.0,3095.0,
2020-04-25,8742.0,345.0,2821.0,
2020-04-26,11273.0,521.0,2749.0,
2020-04-27,11273.0,521.0,2759.0,
2020-04-28,11273.0,521.0,2934.0,
2020-04-29,11273.0,521.0,2973.0,
2020-04-30,11273.0,521.0,3012.0,
2020-05-01,11273.0,521.0,2789.0,
2020-05-02,11273.0,521.0,2649.0,
2020-05-03,13375.0,661.0,2761.0,
2020-05-04,13375.0,661.0,2653.0,
2020-05-05,13375.0,661.0,2738.0,
2020-05-06,13375.0,661.0,2760.0,
2020-05-07,13375.0,661.0,2711.0,
2020-05-08,13375.0,661.0,2758.0,
2020-05-09,13375.0,661.0,2768.0,
2020-05-10,15651.0,783.0,2658.0,
2020-05-11,15651.0,783.0,2598.0,
2020-05-12,15651.0,783.0,2571.0,
2020-05-13,15651.0,783.0,2648.0,
2020-05-14,15651.0,783.0,2538.0,
2020-05-15,15651.0,783.0,2579.0,
2020-05-16,15651.0,783.0,2407.0,
2020-05-17,18257.0,914.0,2459.0,
2020-05-18,18257.0,914.0,2544.0,
2020-05-19,18257.0,914.0,2490.0,
2020-05-20,18257.0,914.0,2414.0,
2020-05-21,18257.0,914.0,2330.0,
2020-05-22,18257.0,914.0,2261.0,
2020-05-23,18257.0,914.0,2271.0,
2020-05-24,20931.0,992.0,2242.0,
2020-05-25,20931.0,992.0,2268.0,
2020-05-26,20931.0,992.0,2171.0,
2020-05-27,20931.0,992.0,2320.0,
2020-05-28,20931.0,992.0,2248.0,
2020-05-29,20931.0,992.0,2035.0,
2020-05-30,20931.0,992.0,2207.0,
2020-05-31,23571.0,1060.0,2134.0,
2020-06-01,23571.0,1060.0,2181.0,
2020-06-02,23571.0,1060.0,2219.0,
2020-06-03,23571.0,1060.0,2150.0,
2020-06-04,23571.0,1060.0,2102.0,
2020-06-05,23571.0,1060.0,2085.0,
2020-06-06,23571.0,1060.0,2128.0,
2020-06-07,25986.0,1150.0,2007.0,
2020-06-08,25986.0,1150.0,1881.0,
2020-06-09,25986.0,1150.0,2039.0,
2020-06-10,25986.0,1150.0,1993.0,
2020-06-11,25986.0,1150.0,,
2020-06-12,25986.0,1150.0,1629.0,
2020-06-13,25986.0,1150.0,1711.0,
2020-06-14,29017.0,1236.0,1748.0,
2020-06-15,29017.0,1236.0,1736.0,
2020-06-16,29017.0,1236.0,1806.0,
2020-06-17,29017.0,1236.0,1693.0,
2020-06-18,29017.0,1236.0,1849.0,
2020-06-19,29017.0,1236.0,1886.0,
2020-06-20,29017.0,1236.0,1931.0,
2020-06-21,31620.0,1345.0,1877.0,
2020-06-22,31620.0,1345.0,1899.0,
2020-06-23,31620.0,1345.0,1936.0,
2020-06-24,31620.0,1345.0,1965.0,
2020-06-25,31620.0,1345.0,1974.0,
2020-06-26,31620.0,1345.0,1933.0,
2020-06-27,31620.0,1345.0,1869.0,
2020-06-28,33714.0,1434.0,1845.0,
2020-06-29,33714.0,1434.0,1797.0,
2020-06-30,33714.0,1434.0,1811.0,
2020-07-01,33714.0,1434.0,1923.0,
2020-07-02,33714.0,1434.0,1787.0,
2020-07-03,33714.0,1434.0,1743.0,
2020-07-04,33714.0,1434.0,1731.0,
2020-07-05,35719.0,1511.0,1765.0,
2020-07-06,35719.0,1511.0,1790.0,
2020-07-07,35719.0,1511.0,1658.0,
2020-07-08,35719.0,1511.0,1683.0,
2020-07-09,35719.0,1511.0,1687.0,
2020-07-10,35719.0,1511.0,1597.0,
2020-07-11,35719.0,1511.0,1617.0,
2020-07-12,37521.0,1568.0,1610.0,
2020-07-13,37521.0,1568.0,1640.0,
2020-07-14,37521.0,1568.0,1581.0,
2020-07-15,37521.0,1568.0,1575.0,
2020-07-16,37521.0,1568.0,1550.0,
2020-07-17,37521.0,1568.0,1604.0,
2020-07-18,37521.0,1568.0,1551.0,
2020-07-19,39746.0,1617.0,1560.0,
2020-07-20,39746.0,1617.0,1575.0,
2020-07-21,39746.0,1617.0,1607.0,
2020-07-22,39746.0,1617.0,1644.0,
2020-07-23,39746.0,1617.0,1626.0,
2020-07-24,39746.0,1617.0,1617.0,
2020-07-25,39746.0,1617.0,1594.0,
2020-07-26,42622.0,1664.0,1601.0,
2020-07-27,42622.0,1664.0,1625.0,
2020-07-28,42622.0,1664.0,1655.0,
2020-07-29,42622.0,1664.0,1687.0,
2020-07-30,42622.0,1664.0,1694.0,
2020-07-31,42622.0,1664.0,1778.0,
2020-08-01,42622.0,1664.0,1841.0,
2020-08-02,46346.0,1721.0,1835.0,
2020-08-03,46346.0,1721.0,1841.0,
2020-08-04,46346.0,1721.0,1859.0,
2020-08-05,46346.0,1721.0,1898.0,
2020-08-06,46346.0,1721.0,1913.0,
2020-08-07,46346.0,1721.0,1928.0,
2020-08-08,46346.0,1721.0,1928.0,
2020-08-09,51167.0,1800.0,1930.0,
2020-08-10,51167.0,1800.0,1929.0,
2020-08-11,51167.0,1800.0,1985.0,
2020-08-12,51167.0,1800.0,2021.0,
2020-08-13,51167.0,1800.0,2059.0,
2020-08-14,51167.0,1800.0,2040.0,
2020-08-15,51167.0,1800.0,2028.0,
2020-08-16,56090.0,1869.0,2035.0,
2020-08-17,56090.0,1869.0,2040.0,
2020-08-18,56090.0,1869.0,2057.0,
2020-08-19,56090.0,1869.0,2097.0,
2020-08-20,56090.0,1869.0,2110.0,
2020-08-21,56090.0,1869.0,2151.0,
2020-08-22,56090.0,1869.0,2189.0,
2020-08-23,61181.0,1951.0,2195.0,
2020-08-24,61181.0,1951.0,2207.0,
2020-08-25,61181.0,1951.0,2167.0,
2020-08-26,61181.0,1951.0,2170.0,
2020-08-27,61181.0,1951.0,2185.0,
2020-08-28,61181.0,1951.0,2221.0,
2020-08-29,61181.0,1951.0,2237.0,
2020-08-30,66239.0,2032.0,2242.0,
2020-08-31,66239.0,2032.0,2249.0,
2020-09-01,66239.0,2032.0,2138.0,
2020-09-02,66239.0,2032.0,2168.0,
2020-09-03,66239.0,2032.0,2170.0,
2020-09-04,66239.0,2032.0,2179.0,
2020-09-05,66239.0,2032.0,2090.0,
2020-09-06,70387.0,2113.0,2091.0,
2020-09-07,70387.0,2113.0,2113.0,
2020-09-08,70387.0,2113.0,2042.0,
2020-09-09,70387.0,2113.0,2070.0,
2020-09-10,70387.0,2113.0,1924.0,
2020-09-11,70387.0,2113.0,1957.0,
2020-09-12,70387.0,2113.0,1946.0,
2020-09-13,73650.0,2181.0,1961.0,
2020-09-14,73650.0,2181.0,1972.0,
2020-09-15,73650.0,2181.0,1996.0,
2020-09-16,73650.0,2181.0,2007.0,
2020-09-17,73650.0,2181.0,1917.0,
2020-09-18,73650.0,2181.0,1925.0,
2020-09-19,73650.0,2181.0,1977.0,
2020-09-20,78330.0,2281.0,1985.0,
2020-09-21,78330.0,2281.0,1979.0,
2020-09-22,78330.0,2281.0,,
2020-09-23,78330.0,2281.0,1971.0,
2020-09-24,78330.0,2281.0,1964.0,
2020-09-25,78330.0,2281.0,1995.0,
2020-09-26,78330.0,2281.0,2134.0,
2020-09-27,85980.0,2423.0,2223.0,
2020-09-28,85980.0,2423.0,2305.0,
2020-09-29,85980.0,2423.0,2399.0,
2020-09-30,85980.0,2423.0,2481.0,
2020-10-01,85980.0,2423.0,2560.0,
2020-10-02,85980.0,2423.0,2702.0,
2020-10-03,85980.0,2423.0,2850.0,
2020-10-04,98140.0,2603.0,2977.0,
2020-10-05,98140.0,2603.0,3158.0,
2020-10-06,98140.0,2603.0,3719.0,
2020-10-07,98140.0,2603.0,4000.0,
2020-10-08,98140.0,2603.0,4138.0,
2020-10-09,98140.0,2603.0,4407.0,
2020-10-10,98140.0,2603.0,4725.0,
2020-10-11,121638.0,2972.0,4924.0,
2020-10-12,121638.0,2972.0,5262.0,
2020-10-13,121638.0,2972.0,5669.0,
2020-10-14,121638.0,2972.0,6084.0,
2020-10-15,121638.0,2972.0,6538.0,
2020-10-16,121638.0,2972.0,6980.0,
2020-10-17,121638.0,2972.0,,
2020-10-18,167230.0,3525.0,8076.0,
2020-10-19,167230.0,3525.0,8375.0,
2020-10-20,167230.0,3525.0,8962.0,
2020-10-21,167230.0,3525.0,9439.0,
2020-10-22,167230.0,3525.0,10091.0,
2020-10-23,167230.0,3525.0,10788.0,
2020-10-24,167230.0,3525.0,11496.0,
2020-10-25,241946.0,4315.0,11887.0,
2020-10-26,241946.0,4315.0,12282.0,
2020-10-27,241946.0,4315.0,13291.0,
2020-10-28,241946.0,4315.0,13931.0,
2020-10-29,241946.0,4315.0,14631.0,
2020-10-30,241946.0,4315.0,15444.0,
2020-10-31,241946.0,4315.0,16144.0,
2020-11-01,366731.0,5631.0,16427.0,
2020-11-02,366731.0,5631.0,17223.0,
2020-11-03,366731.0,5631.0,18160.0,
2020-11-04,366731.0,5631.0,18654.0,
2020-11-05,366731.0,5631.0,19114.0,
2020-11-06,366731.0,5631.0,19479.0,
2020-11-07,366731.0,5631.0,20249.0,
2020-11-08,539640.0,7636.0,20214.0,
2020-11-09,539640.0,7636.0,20967.0,
2020-11-10,539640.0,7636.0,21640.0,
2020-11-11,539640.0,7636.0,21521.0,
2020-11-12,539640.0,7636.0,21899.0,
2020-11-13,539640.0,7636.0,22298.0,
2020-11-14,539640.0,7636.0,22320.0,
2020-11-15,723118.0,10045.0,21988.0,
2020-11-16,723118.0,10045.0,22458.0,
2020-11-17,723118.0,10045.0,23033.0,
2020-11-18,723118.0,10045.0,22812.0,
2020-11-19,723118.0,10045.0,22536.0,
2020-11-20,723118.0,10045.0,22643.0,
2020-11-21,723118.0,10045.0,22478.0,
2020-11-22,883306.0,13288.0,22094.0,
2020-11-23,883306.0,13288.0,22234.0,
2020-11-24,883306.0,13288.0,22405.0,
2020-11-25,883306.0,13288.0,22119.0,
2020-11-26,883306.0,13288.0,21636.0,
2020-11-27,883306.0,13288.0,21691.0,
2020-11-28,883306.0,13288.0,21476.0,
2020-11-29,987234.0,17061.0,21059.0,
2020-11-30,987234.0,17061.0,21504.0,
2020-12-01,987234.0,17061.0,21351.0,
2020-12-02,987234.0,17061.0,20855.0,
2020-12-03,987234.0,17061.0,20477.0,
2020-12-04,987234.0,17061.0,20135.0,
2020-12-05,987234.0,17061.0,19895.0,
2020-12-06,1065577.0,20121.0,19363.0,
2020-12-07,1065577.0,20121.0,19917.0,
2020-12-08,1065577.0,20121.0,19917.0,
2020-12-09,1065577.0,20121.0,19459.0,
2020-12-10,1065577.0,20121.0,19131.0,
2020-12-11,1065577.0,20121.0,18941.0,
2020-12-12,1065577.0,20121.0,18778.0,
2020-12-13,1137808.0,22896.0,18533.0,
2020-12-14,1137808.0,22896.0,18813.0,
2020-12-15,1137808.0,22896.0,19210.0,
2020-12-16,1137808.0,22896.0,18899.0,
2020-12-17,1137808.0,22896.0,18707.0,
2020-12-18,1137808.0,22896.0,18542.0,
2020-12-19,1137808.0,22896.0,18342.0,
2020-12-20,1204820.0,25429.0,18180.0,
2020-12-21,1204820.0,25429.0,18376.0,
2020-12-22,1204820.0,25429.0,18521.0,
2020-12-23,1204820.0,25429.0,17794.0,
2020-12-24,1204820.0,25429.0,17239.0,
2020-12-25,1204820.0,25429.0,16735.0,
2020-12-26,1204820.0,25429.0,16457.0,
2020-12-27,1259923.0,27207.0,16686.0,
2020-12-28,1259923.0,27207.0,17078.0,
2020-12-29,1259923.0,27207.0,17299.0,
2020-12-30,1259923.0,27207.0,17228.0,
2020-12-31,1259923.0,27207.0,16970.0,
2021-01-01,1259923.0,27207.0,16757.0,
2021-01-02,1259923.0,27207.0,16601.0,
2021-01-03,1321092.0,29205.0,16786.0,
2021-01-04,1321092.0,29205.0,17130.0,
2021-01-05,1321092.0,29205.0,17191.0,
2021-01-06,1321092.0,29205.0,17057.0,
2021-01-07,1321092.0,29205.0,16727.0,
2021-01-08,1321092.0,29205.0,,
2021-01-09,1321092.0,29205.0,,
2021-01-10,1388101.0,31274.0,,
2021-01-11,1388101.0,31274.0,16681.0,
2021-01-12,1388101.0,31274.0,16859.0,
2021-01-13,1388101.0,31274.0,16553.0,
2021-01-14,1388101.0,31274.0,16250.0,
2021-01-15,1388101.0,31274.0,16083.0,
2021-01-16,1388101.0,31274.0,15887.0,
2021-01-17,1438043.0,33434.0,15588.0,
2021-01-18,1438043.0,33434.0,15716.0,
2021-01-19,1438043.0,33434.0,15667.0,
2021-01-20,1438043.0,33434.0,15324.0,
2021-01-21,1438043.0,33434.0,14928.0,
2021-01-22,1438043.0,33434.0,14614.0,
2021-01-23,1438043.0,33434.0,14528.0,
2021-01-24,1477865.0,35441.0,14377.0,
2021-01-25,1477865.0,35441.0,14544.0,
2021-01-26,1477865.0,35441.0,14596.0,
2021-01-27,1477865.0,35441.0,14120.0,
2021-01-28,1477865.0,35441.0,13879.0,
2021-01-29,1477865.0,35441.0,13726.0,
2021-01-30,1477865.0,35441.0,13654.0,
2021-01-31,1515547.0,37258.0,13339.0,
2021-02-01,1515547.0,37258.0,13507.0,
2021-02-02,1515547.0,37258.0,13512.0,
2021-02-03,1515547.0,37258.0,13225.0,
2021-02-04,1515547.0,37258.0,12945.0,
2021-02-05,1515547.0,37258.0,12837.0,
2021-02-06,1515547.0,37258.0,12743.0,
2021-02-07,1552420.0,39162.0,12528.0,
2021-02-08,1552420.0,39162.0,12559.0,
2021-02-09,1552420.0,39162.0,12677.0,
2021-02-10,1552420.0,39162.0,12472.0,
2021-02-11,1552420.0,39162.0,12227.0,
2021-02-12,1552420.0,39162.0,12215.0,
2021-02-13,1552420.0,39162.0,12163.0,
2021-02-14,1591117.0,40879.0,11962.0,
2021-02-15,1591117.0,40879.0,12026.0,
2021-02-16,1591117.0,40879.0,12318.0,
2021-02-17,1591117.0,40879.0,12225.0,
2021-02-18,1591117.0,40879.0,12188.0,
2021-02-19,1591117.0,40879.0,12441.0,
2021-02-20,1591117.0,40879.0,12517.0,
2021-02-21,1640930.0,42241.0,12609.0,
2021-02-22,1640930.0,42241.0,12868.0,
2021-02-23,1640930.0,42241.0,13350.0,
2021-02-24,1640930.0,42241.0,13477.0,
2021-02-25,1640930.0,42241.0,13818.0,
2021-02-26,1640930.0,42241.0,14058.0,
2021-02-27,1640930.0,42241.0,,
2021-02-28,1709156.0,43839.0,,
2021-03-01,1709156.0,43839.0,14929.0,
2021-03-02,1709156.0,43839.0,15400.0,
2021-03-03,1709156.0,43839.0,15591.0,
2021-03-04,1709156.0,43839.0,15992.0,
2021-03-05,1709156.0,43839.0,16423.0,
2021-03-06,1709156.0,43839.0,16725.0,
2021-03-07,1797087.0,45311.0,16861.0,
2021-03-08,1797087.0,45311.0,17337.0,
2021-03-09,1797087.0,45311.0,18105.0,
2021-03-10,1797087.0,45311.0,18378.0,
2021-03-11,1797087.0,45311.0,18686.0,
2021-03-12,1797087.0,45311.0,19102.0,
2021-03-13,1797087.0,45311.0,19541.0,
2021-03-14,1908599.0,47202.0,19654.0,
2021-03-15,1908599.0,47202.0,20249.0,
2021-03-16,1908599.0,47202.0,21183.0,
2021-03-17,1908599.0,47202.0,21511.0,
2021-03-18,1908599.0,47202.0,21858.0,
2021-03-19,1908599.0,47202.0,22567.0,
2021-03-20,1908599.0,47202.0,23293.0,
2021-03-21,2060473.0,49319.0,23583.0,
2021-03-22,2060473.0,49319.0,24637.0,
2021-03-23,2060473.0,49319.0,26075.0,
2021-03-24,2060473.0,49319.0,26511.0,
2021-03-25,2060473.0,49319.0,27118.0,
2021-03-26,2060473.0,49319.0,27779.0,
2021-03-27,2060473.0,49319.0,28574.0,
2021-03-28,2252074.0,51897.0,29071.0,
2021-03-29,2252074.0,51897.0,29920.0,
2021-03-30,2252074.0,51897.0,31071.0,
2021-03-31,2252074.0,51897.0,31311.0,
2021-04-01,2252074.0,51897.0,31811.0,
2021-04-02,2252074.0,51897.0,31955.0,
2021-04-03,2252074.0,51897.0,32260.0,
2021-04-04,2439600.0,54952.0,31927.0,
2021-04-05,2439600.0,54952.0,32656.0,
2021-04-06,2439600.0,54952.0,33544.0,
2021-04-07,2439600.0,54952.0,34691.0,
2021-04-08,2439600.0,54952.0,34864.0,
2021-04-09,2439600.0,54952.0,34550.0,
2021-04-10,2439600.0,54952.0,34167.0,
2021-04-11,2575590.0,58430.0,33460.0,
2021-04-12,2575590.0,58430.0,33990.0,
2021-04-13,2575590.0,58430.0,34619.0,
2021-04-14,2575590.0,58430.0,33906.0,
2021-04-15,2575590.0,58430.0,33253.0,
2021-04-16,2575590.0,58430.0,32781.0,
2021-04-17,2575590.0,58430.0,32073.0,
2021-04-18,2689006.0,62038.0,31270.0,
2021-04-19,2689006.0,62038.0,31612.0,
2021-04-20,2689006.0,62038.0,31938.0,
2021-04-21,2689006.0,62038.0,30706.0,
2021-04-22,2689006.0,62038.0,29831.0,
2021-04-23,2689006.0,62038.0,28994.0,
2021-04-24,2689006.0,62038.0,28128.0,
2021-04-25,2759805.0,65419.0,27336.0,
2021-04-26,2759805.0,65419.0,27137.0,
2021-04-27,2759805.0,65419.0,26925.0,
2021-04-28,2759805.0,65419.0,25591.0,
2021-04-29,2759805.0,65419.0,24667.0,
2021-04-30,2759805.0,65419.0,23469.0,
2021-05-01,2759805.0,65419.0,22415.0,
2021-05-02,2804164.0,68074.0,21209.0,
2021-05-03,2804164.0,68074.0,20974.0,
2021-05-04,2804164.0,68074.0,20981.0,
2021-05-05,2804164.0,68074.0,20410.0,
2021-05-06,2804164.0,68074.0,19433.0,
2021-05-07,2804164.0,68074.0,18116.0,
2021-05-08,2804164.0,68074.0,17155.0,
2021-05-09,2833976.0,70019.0,16156.0,
2021-05-10,2833976.0,70019.0,15925.0,
2021-05-11,2833976.0,70019.0,15602.0,
2021-05-12,2833976.0,70019.0,14359.0,
2021-05-13,2833976.0,70019.0,13497.0,
2021-05-14,2833976.0,70019.0,12984.0,
2021-05-15,2833976.0,70019.0,12421.0,
2021-05-16,2855442.0,71687.0,11710.0,
2021-05-17,2855442.0,71687.0,11604.0,
2021-05-18,2855442.0,71687.0,11145.0,
2021-05-19,2855442.0,71687.0,10334.0,
2021-05-20,2855442.0,71687.0,9713.0,
2021-05-21,2855442.0,71687.0,9200.0,
2021-05-22,2855442.0,71687.0,8596.0,
2021-05-23,2866985.0,72950.0,7943.0,
2021-05-24,2866985.0,72950.0,7965.0,
2021-05-25,2866985.0,72950.0,7553.0,
2021-05-26,2866985.0,72950.0,6295.0,
2021-05-27,2866985.0,72950.0,6377.0,
2021-05-28,2866985.0,72950.0,5909.0,
2021-05-29,2866985.0,72950.0,5445.0,
2021-05-30,2873341.0,73760.0,5125.0,
2021-05-31,2873341.0,73760.0,5071.0,
2021-06-01,2873341.0,73760.0,4697.0,
2021-06-02,2873341.0,73760.0,3984.0,
2021-06-03,2873341.0,73760.0,3734.0,
2021-06-04,2873341.0,73760.0,3581.0,
2021-06-05,2873341.0,73760.0,3484.0,
2021-06-06,2876544.0,74174.0,3299.0,
2021-06-07,2876544.0,74174.0,3183.0,
2021-06-08,2876544.0,74174.0,2983.0,
2021-06-09,2876544.0,74174.0,2742.0,
2021-06-10,2876544.0,74174.0,2553.0,
2021-06-11,2876544.0,74174.0,2359.0,
2021-06-12,2876544.0,74174.0,2135.0,
2021-06-13,2878755.0,74595.0,1989.0,
2021-06-14,2878755.0,74595.0,1982.0,
2021-06-15,2878755.0,74595.0,1962.0,
2021-06-16,2878755.0,74595.0,1783.0,
2021-06-17,2878755.0,74595.0,1671.0,
2021-06-18,2878755.0,74595.0,1634.0,
2021-06-19,2878755.0,74595.0,1534.0,
2021-06-20,2880060.0,74850.0,1451.0,
2021-06-21,2880060.0,74850.0,1460.0,
2021-06-22,2880060.0,74850.0,1367.0,
2021-06-23,2880060.0,74850.0,1307.0,
2021-06-24,2880060.0,74850.0,1219.0,
2021-06-25,2880060.0,74850.0,1157.0,
2021-06-26,2880060.0,74850.0,1082.0,
2021-06-27,2880937.0,75001.0,1050.0,
2021-06-28,2880937.0,75001.0,1020.0,
2021-06-29,2880937.0,75001.0,985.0,
2021-06-30,2880937.0,75001.0,924.0,
2021-07-01,2880937.0,75001.0,855.0,
2021-07-02,2880937.0,75001.0,690.0,
2021-07-03,2880937.0,75001.0,616.0,
2021-07-04,2881571.0,75106.0,571.0,
2021-07-05,2881571.0,75106.0,566.0,
2021-07-06,2881571.0,75106.0,546.0,
2021-07-07,2881571.0,75106.0,504.0,
2021-07-08,2881571.0,75106.0,476.0,
2021-07-09,2881571.0,75106.0,463.0,
2021-07-10,2881571.0,75106.0,450.0,
2021-07-11,2882129.0,75178.0,426.0,
2021-07-12,2882129.0,75178.0,411.0,
2021-07-13,2882129.0,75178.0,400.0,
2021-07-14,2882129.0,75178.0,392.0,
2021-07-15,2882129.0,75178.0,388.0,
2021-07-16,2882129.0,75178.0,362.0,
2021-07-17,2882129.0,75178.0,348.0,
2021-07-18,2882736.0,75233.0,342.0,
2021-07-19,2882736.0,75233.0,342.0,
2021-07-20,2882736.0,75233.0,349.0,
2021-07-21,2882736.0,75233.0,339.0,
2021-07-22,2882736.0,75233.0,329.0,
2021-07-23,2882736.0,75233.0,324.0,
2021-07-24,2882736.0,75233.0,325.0,
2021-07-25,2883469.0,75260.0,304.0,
2021-07-26,2883469.0,75260.0,305.0,
2021-07-27,2883469.0,75260.0,309.0,
2021-07-28,2883469.0,75260.0,308.0,
2021-07-29,2883469.0,75260.0,302.0,
2021-07-30,2883469.0,75260.0,295.0,
2021-07-31,2883469.0,75260.0,278.0,
2021-08-01,2884351.0,75279.0,277.0,
2021-08-02,2884351.0,75279.0,271.0,
2021-08-03,2884351.0,75279.0,295.0,
2021-08-04,2884351.0,75279.0,292.0,
2021-08-05,2884351.0,75279.0,298.0,
2021-08-06,2884351.0,75279.0,296.0,
2021-08-07,2884351.0,75279.0,307.0,
2021-08-08,2885421.0,75303.0,310.0,
2021-08-09,2885421.0,75303.0,313.0,
2021-08-10,2885421.0,75303.0,307.0,
2021-08-11,2885421.0,75303.0,300.0,
2021-08-12,2885421.0,75303.0,313.0,
2021-08-13,2885421.0,75303.0,309.0,
2021-08-14,2885421.0,75303.0,315.0,
2021-08-15,2886661.0,75317.0,317.0,
2021-08-16,2886661.0,75317.0,317.0,
2021-08-17,2886661.0,75317.0,335.0,
2021-08-18,2886661.0,75317.0,344.0,
2021-08-19,2886661.0,75317.0,353.0,
2021-08-20,2886661.0,75317.0,359.0,
2021-08-21,2886661.0,75317.0,359.0,
2021-08-22,2888034.0,75334.0,340.0,
2021-08-23,2888034.0,75334.0,356.0,
2021-08-24,2888034.0,75334.0,385.0,
2021-08-25,2888034.0,75334.0,374.0,
2021-08-26,2888034.0,75334.0,371.0,
2021-08-27,2888034.0,75334.0,388.0,
2021-08-28,2888034.0,75334.0,406.0,
2021-08-29,2889611.0,75358.0,403.0,
2021-08-30,2889611.0,75358.0,429.0,
2021-08-31,2889611.0,75358.0,465.0,
2021-09-01,2889611.0,75358.0,475.0,
2021-09-02,2889611.0,75358.0,478.0,
2021-09-03,2889611.0,75358.0,490.0,
2021-09-04,2889611.0,75358.0,498.0,
2021-09-05,2891865.0,75395.0,500.0,
2021-09-06,2891865.0,75395.0,529.0,
2021-09-07,2891865.0,75395.0,570.0,
2021-09-08,2891865.0,75395.0,588.0,
2021-09-09,2891865.0,75395.0,594.0,
2021-09-10,2891865.0,75395.0,623.0,
2021-09-11,2891865.0,75395.0,666.0,
2021-09-12,2895031.0,75441.0,675.0,
2021-09-13,2895031.0,75441.0,704.0,
2021-09-14,2895031.0,75441.0,782.0,
2021-09-15,2895031.0,75441.0,823.0,
2021-09-16,2895031.0,75441.0,881.0,
2021-09-17,2895031.0,75441.0,911.0,
2021-09-18,2895031.0,75441.0,980.0,
2021-09-19,2899315.0,75503.0,1020.0,
2021-09-20,2899315.0,75503.0,1070.0,
2021-09-21,2899315.0,75503.0,1142.0,
2021-09-22,2899315.0,75503.0,1179.0,
2021-09-23,2899315.0,75503.0,1209.0,
2021-09-24,2899315.0,75503.0,1258.0,
2021-09-25,2899315.0,75503.0,1312.0,
2021-09-26,2904618.0,75587.0,1343.0,
2021-09-27,2904618.0,75587.0,1384.0,
2021-09-28,2904618.0,75587.0,1529.0,
2021-09-29,2904618.0,75587.0,1566.0,
2021-09-30,2904618.0,75587.0,1614.0,
2021-10-01,2904618.0,75587.0,1687.0,
2021-10-02,2904618.0,75587.0,1673.0,
2021-10-03,2912252.0,75710.0,1718.0,
2021-10-04,2912252.0,75710.0,1840.0,
2021-10-05,2912252.0,75710.0,1963.0,
2021-10-06,2912252.0,75710.0,2013.0,
2021-10-07,2912252.0,75710.0,2103.0,
2021-10-08,2912252.0,75710.0,2141.0,
2021-10-09,2912252.0,75710.0,2273.0,
2021-10-10,2923787.0,75883.0,2327.0,
2021-10-11,2923787.0,75883.0,2423.0,
2021-10-12,2923787.0,75883.0,2615.0,
2021-10-13,2923787.0,75883.0,2722.0,
2021-10-14,2923787.0,75883.0,2796.0,
2021-10-15,2923787.0,75883.0,2877.0,
2021-10-16,2923787.0,75883.0,3012.0,
2021-10-17,2940978.0,76126.0,3077.0,
2021-10-18,2940978.0,76126.0,3264.0,
2021-10-19,2940978.0,76126.0,3592.0,
2021-10-20,2940978.0,76126.0,3811.0,
2021-10-21,2940978.0,76126.0,4034.0,
2021-10-22,2940978.0,76126.0,4264.0,
2021-10-23,2940978.0,76126.0,4559.0,
2021-10-24,2974305.0,76461.0,4706.0,
2021-10-25,2974305.0,76461.0,5042.0,
2021-10-26,2974305.0,76461.0,5416.0,
2021-10-27,2974305.0,76461.0,5601.0,
2021-10-28,2974305.0,76461.0,5863.0,
2021-10-29,2974305.0,76461.0,6175.0,
2021-10-30,2974305.0,76461.0,6603.0,
2021-10-31,3026589.0,77014.0,6866.0,
2021-11-01,3026589.0,77014.0,7204.0,
2021-11-02,3026589.0,77014.0,7550.0,
2021-11-03,3026589.0,77014.0,8257.0,
2021-11-04,3026589.0,77014.0,8595.0,
2021-11-05,3026589.0,77014.0,8897.0,
2021-11-06,3026589.0,77014.0,9473.0,
2021-11-07,3105528.0,77772.0,9788.0,
2021-11-08,3105528.0,77772.0,10221.0,
2021-11-09,3105528.0,77772.0,11010.0,
2021-11-10,3105528.0,77772.0,11588.0,
2021-11-11,3105528.0,77772.0,12030.0,
2021-11-12,3105528.0,77772.0,12419.0,
2021-11-13,3105528.0,77772.0,13121.0,
2021-11-14,3205811.0,78881.0,13573.0,
2021-11-15,3205811.0,78881.0,14123.0,
2021-11-16,3205811.0,78881.0,14906.0,
2021-11-17,3205811.0,78881.0,15316.0,
2021-11-18,3205811.0,78881.0,15713.0,
2021-11-19,3205811.0,78881.0,16093.0,
2021-11-20,3205811.0,78881.0,16480.0,
2021-11-21,3346573.0,80834.0,16733.0,
2021-11-22,3346573.0,80834.0,17358.0,
2021-11-23,3346573.0,80834.0,18320.0,
2021-11-24,3346573.0,80834.0,18707.0,
2021-11-25,3346573.0,80834.0,19087.0,
2021-11-26,3346573.0,80834.0,19332.0,
2021-11-27,3346573.0,80834.0,19707.0,
2021-11-28,3508844.0,83047.0,20067.0,
2021-11-29,3508844.0,83047.0,20521.0,
2021-11-30,3508844.0,83047.0,21172.0,
2021-12-01,3508844.0,83047.0,21332.0,
2021-12-02,3508844.0,83047.0,21550.0,
2021-12-03,3508844.0,83047.0,22035.0,
2021-12-04,3508844.0,83047.0,22350.0,
2021-12-05,3672383.0,85680.0,22264.0,
2021-12-06,3672383.0,85680.0,22778.0,
2021-12-07,3672383.0,85680.0,23604.0,
2021-12-08,3672383.0,85680.0,23453.0,
2021-12-09,3672383.0,85680.0,23433.0,
2021-12-10,3672383.0,85680.0,23706.0,
2021-12-11,3672383.0,85680.0,23755.0,
2021-12-12,3829206.0,88485.0,23644.0,
2021-12-13,3829206.0,88485.0,24051.0,
2021-12-14,3829206.0,88485.0,24542.0,
2021-12-15,3829206.0,88485.0,24275.0,
2021-12-16,3829206.0,88485.0,23963.0,
2021-12-17,3829206.0,88485.0,23795.0,
2021-12-18,3829206.0,88485.0,23641.0,
2021-12-19,3959808.0,91491.0,23219.0,
2021-12-20,3959808.0,91491.0,23612.0,
2021-12-21,3959808.0,91491.0,23858.0,
2021-12-22,3959808.0,91491.0,,
2021-12-23,3959808.0,91491.0,,
2021-12-24,3959808.0,91491.0,,
2021-12-25,3959808.0,91491.0,20916.0,
2021-12-26,4050832.0,94330.0,20838.0,
2021-12-27,4050832.0,94330.0,21109.0,
2021-12-28,4050832.0,94330.0,21283.0,
2021-12-29,4050832.0,94330.0,20822.0,
2021-12-30,4050832.0,94330.0,20433.0,
2021-12-31,4050832.0,94330.0,19936.0,
2022-01-01,4050832.0,94330.0,19408.0,
2022-01-02,4128412.0,97596.0,19135.0,
2022-01-03,4128412.0,97596.0,19493.0,
2022-01-04,4128412.0,97596.0,19636.0,
2022-01-05,4128412.0,97596.0,19264.0,
2022-01-06,4128412.0,97596.0,18748.0,
2022-01-07,4128412.0,97596.0,18439.0,
2022-01-08,4128412.0,97596.0,18286.0,
2022-01-09,4214184.0,99747.0,18063.0,
2022-01-10,4214184.0,99747.0,18160.0,
2022-01-11,4214184.0,99747.0,18095.0,
2022-01-12,4214184.0,99747.0,17155.0,
2022-01-13,4214184.0,99747.0,16307.0,
2022-01-14,4214184.0,99747.0,15656.0,
2022-01-15,4214184.0,99747.0,15114.0,
2022-01-16,4314036.0,102311.0,14519.0,
2022-01-17,4314036.0,102311.0,14601.0,
2022-01-18,4314036.0,102311.0,14398.0,
2022-01-19,4314036.0,102311.0,14005.0,
2022-01-20,4314036.0,102311.0,13770.0,
2022-01-21,4314036.0,102311.0,13624.0,
2022-01-22,4314036.0,102311.0,13504.0,
2022-01-23,4519183.0,103848.0,13491.0,
2022-01-24,4519183.0,103848.0,13675.0,
2022-01-25,4519183.0,103848.0,14153.0,
2022-01-26,4519183.0,103848.0,14018.0,
2022-01-27,4519183.0,103848.0,14279.0,
2022-01-28,4519183.0,103848.0,14453.0,
2022-01-29,4519183.0,103848.0,14804.0,
2022-01-30,4853565.0,105165.0,15029.0,
2022-01-31,4853565.0,105165.0,15447.0,
2022-02-01,4853565.0,105165.0,16357.0,
2022-02-02,4853565.0,105165.0,16529.0,
2022-02-03,4853565.0,105165.0,16811.0,
2022-02-04,4853565.0,105165.0,17262.0,
2022-02-05,4853565.0,105165.0,17685.0,
2022-02-06,5164673.0,106599.0,17661.0,
2022-02-07,5164673.0,106599.0,18287.0,
2022-02-08,5164673.0,106599.0,19014.0,
2022-02-09,5164673.0,106599.0,18952.0,
2022-02-10,5164673.0,106599.0,19055.0,
2022-02-11,5164673.0,106599.0,19051.0,
2022-02-12,5164673.0,106599.0,18912.0,
2022-02-13,5400758.0,108121.0,18629.0,
2022-02-14,5400758.0,108121.0,18824.0,
2022-02-15,5400758.0,108121.0,19166.0,
2022-02-16,5400758.0,108121.0,18477.0,
2022-02-17,5400758.0,108121.0,18018.0,
2022-02-18,5400758.0,108121.0,17617.0,
2022-02-19,5400758.0,108121.0,17154.0,
2022-02-20,5553165.0,109816.0,16443.0,
2022-02-21,5553165.0,109816.0,16483.0,
2022-02-22,5553165.0,109816.0,16509.0,
2022-02-23,5553165.0,109816.0,15903.0,
2022-02-24,5553165.0,109816.0,15130.0,
2022-02-25,5553165.0,109816.0,14403.0,
2022-02-26,5553165.0,109816.0,13670.0,
2022-02-27,5659870.0,111317.0,12886.0,
2022-02-28,5659870.0,111317.0,13024.0,
2022-03-01,5659870.0,111317.0,12853.0,
2022-03-02,5659870.0,111317.0,11627.0,
2022-03-03,5659870.0,111317.0,10957.0,
2022-03-04,5659870.0,111317.0,10423.0,
2022-03-05,5659870.0,111317.0,9951.0,
2022-03-06,5741140.0,112545.0,9456.0,
2022-03-07,5741140.0,112545.0,9517.0,
2022-03-08,5741140.0,112545.0,9478.0,
2022-03-09,5741140.0,112545.0,8936.0,
2022-03-10,5741140.0,112545.0,8558.0,
2022-03-11,5741140.0,112545.0,8338.0,
2022-03-12,5741140.0,112545.0,7977.0,
2022-03-13,5818063.0,113444.0,7744.0,
2022-03-14,5818063.0,113444.0,7833.0,
2022-03-15,5818063.0,113444.0,7925.0,
2022-03-16,5818063.0,113444.0,7636.0,
2022-03-17,5818063.0,113444.0,7357.0,
2022-03-18,5818063.0,113444.0,7023.0,
2022-03-19,5818063.0,113444.0,6885.0,
2022-03-20,5890545.0,114219.0,6669.0,
2022-03-21,5890545.0,114219.0,6672.0,
2022-03-22,5890545.0,114219.0,6745.0,
2022-03-23,5890545.0,114219.0,6331.0,
2022-03-24,5890545.0,114219.0,6206.0,
2022-03-25,5890545.0,114219.0,5913.0,
2022-03-26,5890545.0,114219.0,5675.0,
2022-03-27,5942658.0,114827.0,5347.0,
2022-03-28,5942658.0,114827.0,5333.0,
2022-03-29,5942658.0,114827.0,5340.0,
2022-03-30,5942658.0,114827.0,4963.0,
2022-03-31,5942658.0,114827.0,4544.0,
2022-04-01,5942658.0,114827.0,4049.0,
2022-04-02,5942658.0,114827.0,,
2022-04-03,5969086.0,115344.0,,
2022-04-04,5969086.0,115344.0,,
2022-04-05,5969086.0,115344.0,,
2022-04-06,5969086.0,115344.0,,
2022-04-07,5969086.0,115344.0,,
2022-04-08,5969086.0,115344.0,,
2022-04-09,5969086.0,115344.0,,
2022-04-10,5977712.0,115634.0,,
2022-04-11,5977712.0,115634.0,,
2022-04-12,5977712.0,115634.0,,
2022-04-13,5977712.0,115634.0,,
2022-04-14,5977712.0,115634.0,,
2022-04-15,5977712.0,115634.0,,
2022-04-16,5977712.0,115634.0,,
2022-04-17,5984762.0,115837.0,,
2022-04-18,5984762.0,115837.0,,
2022-04-19,5984762.0,115837.0,,
2022-04-20,5984762.0,115837.0,,
2022-04-21,5984762.0,115837.0,,
2022-04-22,5984762.0,115837.0,,
2022-04-23,5984762.0,115837.0,,
2022-04-24,5990718.0,115947.0,,
2022-04-25,5990718.0,115947.0,,
2022-04-26,5990718.0,115947.0,,
2022-04-27,5990718.0,115947.0,1321.0,
2022-04-28,5990718.0,115947.0,,
2022-04-29,5990718.0,115947.0,,
2022-04-30,5990718.0,115947.0,,
2022-05-01,5996273.0,116058.0,,
2022-05-02,5996273.0,116058.0,,
2022-05-03,5996273.0,116058.0,,
2022-05-04,5996273.0,116058.0,1125.0,
2022-05-05,5996273.0,116058.0,,
2022-05-06,5996273.0,116058.0,,
2022-05-07,5996273.0,116058.0,,
2022-05-08,5999950.0,116137.0,,
2022-05-09,5999950.0,116137.0,,
2022-05-10,5999950.0,116137.0,,
2022-05-11,5999950.0,116137.0,981.0,
2022-05-12,5999950.0,116137.0,,
2022-05-13,5999950.0,116137.0,,
2022-05-14,5999950.0,116137.0,,
2022-05-15,6002969.0,116207.0,,
2022-05-16,6002969.0,116207.0,,
2022-05-17,6002969.0,116207.0,,
2022-05-18,6002969.0,116207.0,661.0,
2022-05-19,6002969.0,116207.0,,
2022-05-20,6002969.0,116207.0,,
2022-05-21,6002969.0,116207.0,,
2022-05-22,6005069.0,116268.0,,
2022-05-23,6005069.0,116268.0,,
2022-05-24,6005069.0,116268.0,,
2022-05-25,6005069.0,116268.0,523.0,
2022-05-26,6005069.0,116268.0,,
2022-05-27,6005069.0,116268.0,,
2022-05-28,6005069.0,116268.0,,
2022-05-29,6006696.0,116311.0,,
2022-05-30,6006696.0,116311.0,,
2022-05-31,6006696.0,116311.0,,
2022-06-01,6006696.0,116311.0,408.0,
2022-06-02,6006696.0,116311.0,,
2022-06-03,6006696.0,116311.0,,
2022-06-04,6006696.0,116311.0,,
2022-06-05,6008153.0,116347.0,,
2022-06-06,6008153.0,116347.0,,
2022-06-07,6008153.0,116347.0,,
2022-06-08,6008153.0,116347.0,376.0,
2022-06-09,6008153.0,116347.0,,
2022-06-10,6008153.0,116347.0,,
2022-06-11,6008153.0,116347.0,,
2022-06-12,6009589.0,116369.0,,
2022-06-13,6009589.0,116369.0,,
2022-06-14,6009589.0,116369.0,,
2022-06-15,6009589.0,116369.0,315.0,
2022-06-16,6009589.0,116369.0,,
2022-06-17,6009589.0,116369.0,,
2022-06-18,6009589.0,116369.0,,
2022-06-19,6010785.0,116391.0,,
2022-06-20,6010785.0,116391.0,,
2022-06-21,6010785.0,116391.0,,
2022-06-22,6010785.0,116391.0,287.0,
2022-06-23,6010785.0,116391.0,,
2022-06-24,6010785.0,116391.0,,
2022-06-25,6010785.0,116391.0,,
2022-06-26,6012625.0,116415.0,,
2022-06-27,6012625.0,116415.0,,
2022-06-28,6012625.0,116415.0,,
2022-06-29,6012625.0,116415.0,338.0,
2022-06-30,6012625.0,116415.0,,
2022-07-01,6012625.0,116415.0,,
2022-07-02,6012625.0,116415.0,,
2022-07-03,6015960.0,116433.0,,
2022-07-04,6015960.0,116433.0,,
2022-07-05,6015960.0,116433.0,,
2022-07-06,6015960.0,116433.0,449.0,
2022-07-07,6015960.0,116433.0,,
2022-07-08,6015960.0,116433.0,,
2022-07-09,6015960.0,116433.0,,
2022-07-10,6021780.0,116451.0,,
2022-07-11,6021780.0,116451.0,,
2022-07-12,6021780.0,116451.0,,
2022-07-13,6021780.0,116451.0,694.0,
2022-07-14,6021780.0,116451.0,,
2022-07-15,6021780.0,116451.0,,
2022-07-16,6021780.0,116451.0,,
2022-07-17,6032031.0,116468.0,,
2022-07-18,6032031.0,116468.0,,
2022-07-19,6032031.0,116468.0,,
2022-07-20,6032031.0,116468.0,1157.0,
2022-07-21,6032031.0,116468.0,,
2022-07-22,6032031.0,116468.0,,
2022-07-23,6032031.0,116468.0,,
2022-07-24,6048626.0,116508.0,,
2022-07-25,6048626.0,116508.0,,
2022-07-26,6048626.0,116508.0,,
2022-07-27,6048626.0,116508.0,1884.0,
2022-07-28,6048626.0,116508.0,,
2022-07-29,6048626.0,116508.0,,
2022-07-30,6048626.0,116508.0,,
2022-07-31,6069287.0,116568.0,,
2022-08-01,6069287.0,116568.0,,
2022-08-02,6069287.0,116568.0,,
2022-08-03,6069287.0,116568.0,2389.0,
2022-08-04,6069287.0,116568.0,,
2022-08-05,6069287.0,116568.0,,
2022-08-06,6069287.0,116568.0,,
2022-08-07,6093917.0,116658.0,,
2022-08-08,6093917.0,116658.0,,
2022-08-09,6093917.0,116658.0,,
2022-08-10,6093917.0,116658.0,2742.0,
2022-08-11,6093917.0,116658.0,,
2022-08-12,6093917.0,116658.0,,
2022-08-13,6093917.0,116658.0,,
2022-08-14,6118926.0,116771.0,,
2022-08-15,6118926.0,116771.0,,
2022-08-16,6118926.0,116771.0,,
2022-08-17,6118926.0,116771.0,2782.0,
2022-08-18,6118926.0,116771.0,,
2022-08-19,6118926.0,116771.0,,
2022-08-20,6118926.0,116771.0,,
2022-08-21,6143363.0,116879.0,,
2022-08-22,6143363.0,116879.0,,
2022-08-23,6143363.0,116879.0,,
2022-08-24,6143363.0,116879.0,3025.0,
2022-08-25,6143363.0,116879.0,,
2022-08-26,6143363.0,116879.0,,
2022-08-27,6143363.0,116879.0,,
2022-08-28,6166904.0,117028.0,,
2022-08-29,6166904.0,117028.0,,
2022-08-30,6166904.0,117028.0,,
2022-08-31,6166904.0,117028.0,2507.0,
2022-09-01,6166904.0,117028.0,,
2022-09-02,6166904.0,117028.0,,
2022-09-03,6166904.0,117028.0,,
2022-09-04,6187179.0,117151.0,,
2022-09-05,6187179.0,117151.0,,
2022-09-06,6187179.0,117151.0,,
2022-09-07,6187179.0,117151.0,2102.0,
2022-09-08,6187179.0,117151.0,,
2022-09-09,6187179.0,117151.0,,
2022-09-10,6187179.0,117151.0,,
2022-09-11,6212358.0,117250.0,,
2022-09-12,6212358.0,117250.0,,
2022-09-13,6212358.0,117250.0,,
2022-09-14,6212358.0,117250.0,2487.0,
2022-09-15,6212358.0,117250.0,,
2022-09-16,6212358.0,117250.0,,
2022-09-17,6212358.0,117250.0,,
2022-09-18,6244429.0,117349.0,,
2022-09-19,6244429.0,117349.0,,
2022-09-20,6244429.0,117349.0,,
2022-09-21,6244429.0,117349.0,3086.0,
2022-09-22,6244429.0,117349.0,,
2022-09-23,6244429.0,117349.0,,
2022-09-24,6244429.0,117349.0,,
2022-09-25,6273121.0,117455.0,,
2022-09-26,6273121.0,117455.0,,
2022-09-27,6273121.0,117455.0,,
2022-09-28,6273121.0,117455.0,,
2022-09-29,6273121.0,117455.0,,
2022-09-30,6273121.0,117455.0,,
2022-10-01,6273121.0,117455.0,,
2022-10-02,6297256.0,117597.0,,
2022-10-03,6297256.0,117597.0,,
2022-10-04,6297256.0,117597.0,,
2022-10-05,6297256.0,117597.0,,
2022-10-06,6297256.0,117597.0,,
2022-10-07,6297256.0,117597.0,,
2022-10-08,6297256.0,117597.0,,
2022-10-09,6315019.0,117755.0,,
2022-10-10,6315019.0,117755.0,,
2022-10-11,6315019.0,117755.0,,
2022-10-12,6315019.0,117755.0,,
2022-10-13,6315019.0,117755.0,,
2022-10-14,6315019.0,117755.0,,
2022-10-15,6315019.0,117755.0,,
2022-10-16,6326617.0,117899.0,,
2022-10-17,6326617.0,117899.0,,
2022-10-18,6326617.0,117899.0,,
2022-10-19,6326617.0,117899.0,,
2022-10-20,6326617.0,117899.0,,
2022-10-21,6326617.0,117899.0,,
2022-10-22,6326617.0,117899.0,,
2022-10-23,6334764.0,118028.0,,
2022-10-24,6334764.0,118028.0,,
2022-10-25,6334764.0,118028.0,,
2022-10-26,6334764.0,118028.0,,
2022-10-27,6334764.0,118028.0,,
2022-10-28,6334764.0,118028.0,,
2022-10-29,6334764.0,118028.0,,
2022-10-30,6340168.0,118123.0,,
2022-10-31,6340168.0,118123.0,,
2022-11-01,6340168.0,118123.0,,
2022-11-02,6340168.0,118123.0,,
2022-11-03,6340168.0,118123.0,,
2022-11-04,6340168.0,118123.0,,
2022-11-05,6340168.0,118123.0,,
2022-11-06,6343659.0,118169.0,,
2022-11-07,6343659.0,118169.0,,
2022-11-08,6343659.0,118169.0,,
2022-11-09,6343659.0,118169.0,,
2022-11-10,6343659.0,118169.0,,
2022-11-11,6343659.0,118169.0,,
2022-11-12,6343659.0,118169.0,,
2022-11-13,6346198.0,118209.0,,
2022-11-14,6346198.0,118209.0,,
2022-11-15,6346198.0,118209.0,,
2022-11-16,6346198.0,118209.0,,
2022-11-17,6346198.0,118209.0,,
2022-11-18,6346198.0,118209.0,,
2022-11-19,6346198.0,118209.0,,
2022-11-20,6348731.0,118273.0,,
2022-11-21,6348731.0,118273.0,,
2022-11-22,6348731.0,118273.0,,
2022-11-23,6348731.0,118273.0,,
2022-11-24,6348731.0,118273.0,,
2022-11-25,6348731.0,118273.0,,
2022-11-26,6348731.0,118273.0,,
2022-11-27,6351206.0,118305.0,,
2022-11-28,6351206.0,118305.0,,
2022-11-29,6351206.0,118305.0,,
2022-11-30,6351206.0,118305.0,,
2022-12-01,6351206.0,118305.0,,
2022-12-02,6351206.0,118305.0,,
2022-12-03,6351206.0,118305.0,,
2022-12-04,6354297.0,118339.0,,
2022-12-05,6354297.0,118339.0,,
2022-12-06,6354297.0,118339.0,,
2022-12-07,6354297.0,118339.0,,
2022-12-08,6354297.0,118339.0,,
2022-12-09,6354297.0,118339.0,,
2022-12-10,6354297.0,118339.0,,
2022-12-11,6357386.0,118382.0,,
2022-12-12,6357386.0,118382.0,,
2022-12-13,6357386.0,118382.0,,
2022-12-14,6357386.0,118382.0,,
2022-12-15,6357386.0,118382.0,,
2022-12-16,6357386.0,118382.0,,
2022-12-17,6357386.0,118382.0,,
2022-12-18,6361491.0,118429.0,,
2022-12-19,6361491.0,118429.0,,
2022-12-20,6361491.0,118429.0,,
2022-12-21,6361491.0,118429.0,,
2022-12-22,6361491.0,118429.0,,
2022-12-23,6361491.0,118429.0,,
2022-12-24,6361491.0,118429.0,,
2022-12-25,6365382.0,118475.0,,
2022-12-26,6365382.0,118475.0,,
2022-12-27,6365382.0,118475.0,,
2022-12-28,6365382.0,118475.0,,
2022-12-29,6365382.0,118475.0,,
2022-12-30,6365382.0,118475.0,,
2022-12-31,6365382.0,118475.0,,
2023-01-01,6368542.0,118533.0,,
2023-01-02,6368542.0,118533.0,,
2023-01-03,6368542.0,118533.0,,
2023-01-04,6368542.0,118533.0,,
2023-01-05,6368542.0,118533.0,,
2023-01-06,6368542.0,118533.0,,
2023-01-07,6368542.0,118533.0,,
2023-01-08,6371175.0,118586.0,,
2023-01-09,6371175.0,118586.0,,
2023-01-10,6371175.0,118586.0,,
2023-01-11,6371175.0,118586.0,,
2023-01-12,6371175.0,118586.0,,
2023-01-13,6371175.0,118586.0,,
2023-01-14,6371175.0,118586.0,,
2023-01-15,6373235.0,118651.0,,
2023-01-16,6373235.0,118651.0,,
2023-01-17,6373235.0,118651.0,,
2023-01-18,6373235.0,118651.0,,
2023-01-19,6373235.0,118651.0,,
2023-01-20,6373235.0,118651.0,,
2023-01-21,6373235.0,118651.0,,
2023-01-22,6375318.0,118681.0,,
2023-01-23,6375318.0,118681.0,,
2023-01-24,6375318.0,118681.0,,
2023-01-25,6375318.0,118681.0,,
2023-01-26,6375318.0,118681.0,,
2023-01-27,6375318.0,118681.0,,
2023-01-28,6375318.0,118681.0,,
2023-01-29,6378206.0,118715.0,,
2023-01-30,6378206.0,118715.0,,
2023-01-31,6378206.0,118715.0,,
2023-02-01,6378206.0,118715.0,,
2023-02-02,6378206.0,118715.0,,
2023-02-03,6378206.0,118715.0,,
2023-02-04,6378206.0,118715.0,,
2023-02-05,6382960.0,118748.0,,
2023-02-06,6382960.0,118748.0,,
2023-02-07,6382960.0,118748.0,,
2023-02-08,6382960.0,118748.0,,
2023-02-09,6382960.0,118748.0,,
2023-02-10,6382960.0,118748.0,,
2023-02-11,6382960.0,118748.0,,
2023-02-12,6389615.0,118779.0,,
2023-02-13,6389615.0,118779.0,,
2023-02-14,6389615.0,118779.0,,
2023-02-15,6389615.0,118779.0,,
2023-02-16,6389615.0,118779.0,,
2023-02-17,6389615.0,118779.0,,
2023-02-18,6389615.0,118779.0,,
2023-02-19,6400218.0,118826.0,,
2023-02-20,6400218.0,118826.0,,
2023-02-21,6400218.0,118826.0,,
2023-02-22,6400218.0,118826.0,,
2023-02-23,6400218.0,118826.0,,
2023-02-24,6400218.0,118826.0,,
2023-02-25,6400218.0,118826.0,,
2023-02-26,6415189.0,118868.0,,
2023-02-27,6415189.0,118868.0,,
2023-02-28,6415189.0,118868.0,,
2023-03-01,6415189.0,118868.0,,
2023-03-02,6415189.0,118868.0,,
2023-03-03,6415189.0,118868.0,,
2023-03-04,6415189.0,118868.0,,
2023-03-05,6432251.0,118952.0,,
2023-03-06,6432251.0,118952.0,,
2023-03-07,6432251.0,118952.0,,
2023-03-08,6432251.0,118952.0,,
2023-03-09,6432251.0,118952.0,,
2023-03-10,6432251.0,118952.0,,
2023-03-11,6432251.0,118952.0,,
2023-03-12,6452636.0,119030.0,,
2023-03-13,6452636.0,119030.0,,
2023-03-14,6452636.0,119030.0,,
2023-03-15,6452636.0,119030.0,,
2023-03-16,6452636.0,119030.0,,
2023-03-17,6452636.0,119030.0,,
2023-03-18,6452636.0,119030.0,,
2023-03-19,6472983.0,119136.0,,
2023-03-20,6472983.0,119136.0,,
2023-03-21,6472983.0,119136.0,,
2023-03-22,6472983.0,119136.0,,
2023-03-23,6472983.0,119136.0,,
2023-03-24,6472983.0,119136.0,,
2023-03-25,6472983.0,119136.0,,
2023-03-26,6488366.0,119245.0,,
2023-03-27,6488366.0,119245.0,,
2023-03-28,6488366.0,119245.0,,
2023-03-29,6488366.0,119245.0,,
2023-03-30,6488366.0,119245.0,,
2023-03-31,6488366.0,119245.0,,
2023-04-01,6488366.0,119245.0,,
2023-04-02,6497724.0,119361.0,,
2023-04-03,6497724.0,119361.0,,
2023-04-04,6497724.0,119361.0,,
2023-04-05,6497724.0,119361.0,,
2023-04-06,6497724.0,119361.0,,
2023-04-07,6497724.0,119361.0,,
2023-04-08,6497724.0,119361.0,,
2023-04-09,6504094.0,119423.0,,
2023-04-10,6504094.0,119423.0,,
2023-04-11,6504094.0,119423.0,,
2023-04-12,6504094.0,119423.0,,
2023-04-13,6504094.0,119423.0,,
2023-04-14,6504094.0,119423.0,,
2023-04-15,6504094.0,119423.0,,
2023-04-16,6508765.0,119482.0,,
2023-04-17,6508765.0,119482.0,,
2023-04-18,6508765.0,119482.0,,
2023-04-19,6508765.0,119482.0,,
2023-04-20,6508765.0,119482.0,,
2023-04-21,6508765.0,119482.0,,
2023-04-22,6508765.0,119482.0,,
2023-04-23,6511980.0,119520.0,,
2023-04-24,6511980.0,119520.0,,
2023-04-25,6511980.0,119520.0,,
2023-04-26,6511980.0,119520.0,,
2023-04-27,6511980.0,119520.0,,
2023-04-28,6511980.0,119520.0,,
2023-04-29,6511980.0,119520.0,,
2023-04-30,6513881.0,119555.0,,
2023-05-01,6513881.0,119555.0,,
2023-05-02,6513881.0,119555.0,,
2023-05-03,6513881.0,119555.0,,
2023-05-04,6513881.0,119555.0,,
2023-05-05,6513881.0,119555.0,,
2023-05-06,6513881.0,119555.0,,
2023-05-07,6514814.0,119563.0,,
2023-05-08,6514814.0,119563.0,,
2023-05-09,6514814.0,119563.0,,
2023-05-10,6514814.0,119563.0,,
2023-05-11,6514814.0,119563.0,,
2023-05-12,6514814.0,119563.0,,
2023-05-13,6514814.0,119563.0,,
2023-05-14,6515619.0,119585.0,,
2023-05-15,6515619.0,119585.0,,
2023-05-16,6515619.0,119585.0,,
2023-05-17,6515619.0,119585.0,,
2023-05-18,6515619.0,119585.0,,
2023-05-19,6515619.0,119585.0,,
2023-05-20,6515619.0,119585.0,,
2023-05-21,6516271.0,119596.0,,
2023-05-22,6516271.0,119596.0,,
2023-05-23,6516271.0,119596.0,,
2023-05-24,6516271.0,119596.0,,
2023-05-25,6516271.0,119596.0,,
2023-05-26,6516271.0,119596.0,,
2023-05-27,6516271.0,119596.0,,
2023-05-28,6516781.0,119609.0,,
2023-05-29,6516781.0,119609.0,,
2023-05-30,6516781.0,119609.0,,
2023-05-31,6516781.0,119609.0,,
2023-06-01,6516781.0,119609.0,,
2023-06-02,6516781.0,119609.0,,
2023-06-03,6516781.0,119609.0,,
2023-06-04,6517167.0,119617.0,,
2023-06-05,6517167.0,119617.0,,
2023-06-06,6517167.0,119617.0,,
2023-06-07,6517167.0,119617.0,,
2023-06-08,6517167.0,119617.0,,
2023-06-09,6517167.0,119617.0,,
2023-06-10,6517167.0,119617.0,,
2023-06-11,6517427.0,119622.0,,
2023-06-12,6517427.0,119622.0,,
2023-06-13,6517427.0,119622.0,,
2023-06-14,6517427.0,119622.0,,
2023-06-15,6517427.0,119622.0,,
2023-06-16,6517427.0,119622.0,,
2023-06-17,6517427.0,119622.0,,
2023-06-18,6517628.0,119623.0,,
2023-06-19,6517628.0,119623.0,,
2023-06-20,6517628.0,119623.0,,
2023-06-21,6517628.0,119623.0,,
2023-06-22,6517628.0,119623.0,,
2023-06-23,6517628.0,119623.0,,
2023-06-24,6517628.0,119623.0,,
2023-06-25,6517807.0,119624.0,,
2023-06-26,6517807.0,119624.0,,
2023-06-27,6517807.0,119624.0,,
2023-06-28,6517807.0,119624.0,,
2023-06-29,6517807.0,119624.0,,
2023-06-30,6517807.0,119624.0,,
2023-07-01,6517807.0,119624.0,,
2023-07-02,6517910.0,119627.0,,
2023-07-03,6517910.0,119627.0,,
2023-07-04,6517910.0,119627.0,,
2023-07-05,6517910.0,119627.0,,
2023-07-06,6517910.0,119627.0,,
2023-07-07,6517910.0,119627.0,,
2023-07-08,6517910.0,119627.0,,
2023-07-09,6517977.0,119630.0,,
2023-07-10,6517977.0,119630.0,,
2023-07-11,6517977.0,119630.0,,
2023-07-12,6517977.0,119630.0,,
2023-07-13,6517977.0,119630.0,,
2023-07-14,6517977.0,119630.0,,
2023-07-15,6517977.0,119630.0,,
2023-07-16,6518058.0,119632.0,,
2023-07-17,6518058.0,119632.0,,
2023-07-18,6518058.0,119632.0,,
2023-07-19,6518058.0,119632.0,,
2023-07-20,6518058.0,119632.0,,
2023-07-21,6518058.0,119632.0,,
2023-07-22,6518058.0,119632.0,,
2023-07-23,6518129.0,119632.0,,
2023-07-24,6518129.0,119632.0,,
2023-07-25,6518129.0,119632.0,,
2023-07-26,6518129.0,119632.0,,
2023-07-27,6518129.0,119632.0,,
2023-07-28,6518129.0,119632.0,,
2023-07-29,6518129.0,119632.0,,
2023-07-30,6518176.0,119635.0,,
2023-07-31,6518176.0,119635.0,,
2023-08-01,6518176.0,119635.0,,
2023-08-02,6518176.0,119635.0,,
2023-08-03,6518176.0,119635.0,,
2023-08-04,6518176.0,119635.0,,
2023-08-05,6518176.0,119635.0,,
2023-08-06,6518270.0,119635.0,,
2023-08-07,6518270.0,119635.0,,
2023-08-08,6518270.0,119635.0,,
2023-08-09,6518270.0,119635.0,,
2023-08-10,6518270.0,119635.0,,
2023-08-11,6518270.0,119635.0,,
2023-08-12,6518270.0,119635.0,,
2023-08-13,6518395.0,119635.0,,
2023-08-14,6518395.0,119635.0,,
2023-08-15,6518395.0,119635.0,,
2023-08-16,6518395.0,119635.0,,
2023-08-17,6518395.0,119635.0,,
2023-08-18,6518395.0,119635.0,,
2023-08-19,6518395.0,119635.0,,
2023-08-20,6518583.0,119637.0,,
2023-08-21,6518583.0,119637.0,,
2023-08-22,6518583.0,119637.0,,
2023-08-23,6518583.0,119637.0,,
2023-08-24,6518583.0,119637.0,,
2023-08-25,6518583.0,119637.0,,
2023-08-26,6518583.0,119637.0,,
2023-08-27,6518835.0,119638.0,,
2023-08-28,6518835.0,119638.0,,
2023-08-29,6518835.0,119638.0,,
2023-08-30,6518835.0,119638.0,,
2023-08-31,6518835.0,119638.0,,
2023-09-01,6518835.0,119638.0,,
2023-09-02,6518835.0,119638.0,,
2023-09-03,6519204.0,119640.0,,
2023-09-04,6519204.0,119640.0,,
2023-09-05,6519204.0,119640.0,,
2023-09-06,6519204.0,119640.0,,
2023-09-07,6519204.0,119640.0,,
2023-09-08,6519204.0,119640.0,,
2023-09-09,6519204.0,119640.0,,
2023-09-10,6519743.0,119642.0,,
2023-09-11,6519743.0,119642.0,,
2023-09-12,6519743.0,119642.0,,
2023-09-13,6519743.0,119642.0,,
2023-09-14,6519743.0,119642.0,,
2023-09-15,6519743.0,119642.0,,
2023-09-16,6519743.0,119642.0,,
2023-09-17,6520676.0,119645.0,,
2023-09-18,6520676.0,119645.0,,
2023-09-19,6520676.0,119645.0,,
2023-09-20,6520676.0,119645.0,,
2023-09-21,6520676.0,119645.0,,
2023-09-22,6520676.0,119645.0,,
2023-09-23,6520676.0,119645.0,,
2023-09-24,6521898.0,119647.0,,
2023-09-25,6521898.0,119647.0,,
2023-09-26,6521898.0,119647.0,,
2023-09-27,6521898.0,119647.0,,
2023-09-28,6521898.0,119647.0,,
2023-09-29,6521898.0,119647.0,,
2023-09-30,6521898.0,119647.0,,
2023-10-01,6523335.0,119654.0,,
2023-10-02,6523335.0,119654.0,,
2023-10-03,6523335.0,119654.0,,
2023-10-04,6523335.0,119654.0,,
2023-10-05,6523335.0,119654.0,,
2023-10-06,6523335.0,119654.0,,
2023-10-07,6523335.0,119654.0,,
2023-10-08,6524766.0,119655.0,,
2023-10-09,6524766.0,119655.0,,
2023-10-10,6524766.0,119655.0,,
2023-10-11,6524766.0,119655.0,,
2023-10-12,6524766.0,119655.0,,
2023-10-13,6524766.0,119655.0,,
2023-10-14,6524766.0,119655.0,,
2023-10-15,6526506.0,119657.0,,
2023-10-16,6526506.0,119657.0,,
2023-10-17,6526506.0,119657.0,,
2023-10-18,6526506.0,119657.0,,
2023-10-19,6526506.0,119657.0,,
2023-10-20,6526506.0,119657.0,,
2023-10-21,6526506.0,119657.0,,
2023-10-22,6529001.0,119665.0,,
2023-10-23,6529001.0,119665.0,,
2023-10-24,6529001.0,119665.0,,
2023-10-25,6529001.0,119665.0,,
2023-10-26,6529001.0,119665.0,,
2023-10-27,6529001.0,119665.0,,
2023-10-28,6529001.0,119665.0,,
2023-10-29,6532939.0,119686.0,,
2023-10-30,6532939.0,119686.0,,
2023-10-31,6532939.0,119686.0,,
2023-11-01,6532939.0,119686.0,,
2023-11-02,6532939.0,119686.0,,
2023-11-03,6532939.0,119686.0,,
2023-11-04,6532939.0,119686.0,,
2023-11-05,6537200.0,119695.0,,
2023-11-06,6537200.0,119695.0,,
2023-11-07,6537200.0,119695.0,,
2023-11-08,6537200.0,119695.0,,
2023-11-09,6537200.0,119695.0,,
2023-11-10,6537200.0,119695.0,,
2023-11-11,6537200.0,119695.0,,
2023-11-12,6543427.0,119721.0,,
2023-11-13,6543427.0,119721.0,,
2023-11-14,6543427.0,119721.0,,
2023-11-15,6543427.0,119721.0,,
2023-11-16,6543427.0,119721.0,,
2023-11-17,6543427.0,119721.0,,
2023-11-18,6543427.0,119721.0,,
2023-11-19,6550890.0,119745.0,,
2023-11-20,6550890.0,119745.0,,
2023-11-21,6550890.0,119745.0,,
2023-11-22,6550890.0,119745.0,,
2023-11-23,6550890.0,119745.0,,
2023-11-24,6550890.0,119745.0,,
2023-11-25,6550890.0,119745.0,,
2023-11-26,6560600.0,119809.0,,
2023-11-27,6560600.0,119809.0,,
2023-11-28,6560600.0,119809.0,,
2023-11-29,6560600.0,119809.0,,
2023-11-30,6560600.0,119809.0,,
2023-12-01,6560600.0,119809.0,,
2023-12-02,6560600.0,119809.0,,
2023-12-03,6573711.0,119839.0,,
2023-12-04,6573711.0,119839.0,,
2023-12-05,6573711.0,119839.0,,
2023-12-06,6573711.0,119839.0,,
2023-12-07,6573711.0,119839.0,,
2023-12-08,6573711.0,119839.0,,
2023-12-09,6573711.0,119839.0,,
2023-12-10,6590718.0,119886.0,,
2023-12-11,6590718.0,119886.0,,
2023-12-12,6590718.0,119886.0,,
2023-12-13,6590718.0,119886.0,,
2023-12-14,6590718.0,119886.0,,
2023-12-15,6590718.0,119886.0,,
2023-12-16,6590718.0,119886.0,,
2023-12-17,6609092.0,120018.0,,
2023-12-18,6609092.0,120018.0,,
2023-12-19,6609092.0,120018.0,,
2023-12-20,6609092.0,120018.0,,
2023-12-21,6609092.0,120018.0,,
2023-12-22,6609092.0,120018.0,,
2023-12-23,6609092.0,120018.0,,
2023-12-24,6624646.0,120159.0,,
2023-12-25,6624646.0,120159.0,,
2023-12-26,6624646.0,120159.0,,
2023-12-27,6624646.0,120159.0,,
2023-12-28,6624646.0,120159.0,,
2023-12-29,6624646.0,120159.0,,
2023-12-30,6624646.0,120159.0,,
2023-12-31,6632065.0,120238.0,,
2024-01-01,6632065.0,120238.0,,
2024-01-02,6632065.0,120238.0,,
2024-01-03,6632065.0,120238.0,,
2024-01-04,6632065.0,120238.0,,
2024-01-05,6632065.0,120238.0,,
2024-01-06,6632065.0,120238.0,,
2024-01-07,6640678.0,120429.0,,
2024-01-08,6640678.0,120429.0,,
2024-01-09,6640678.0,120429.0,,
2024-01-10,6640678.0,120429.0,,
2024-01-11,6640678.0,120429.0,,
2024-01-12,6640678.0,120429.0,,
2024-01-13,6640678.0,120429.0,,
2024-01-14,6645652.0,120497.0,,
2024-01-15,6645652.0,120497.0,,
2024-01-16,6645652.0,120497.0,,
2024-01-17,6645652.0,120497.0,,
2024-01-18,6645652.0,120497.0,,
2024-01-19,6645652.0,120497.0,,
2024-01-20,6645652.0,120497.0,,
2024-01-21,6649917.0,120550.0,,
2024-01-22,6649917.0,120550.0,,
2024-01-23,6649917.0,120550.0,,
2024-01-24,6649917.0,120550.0,,
2024-01-25,6649917.0,120550.0,,
2024-01-26,6649917.0,120550.0,,
2024-01-27,6649917.0,120550.0,,
2024-01-28,6653365.0,120577.0,,
2024-01-29,6653365.0,120577.0,,
2024-01-30,6653365.0,120577.0,,
2024-01-31,6653365.0,120577.0,,
2024-02-01,6653365.0,120577.0,,
2024-02-02,6653365.0,120577.0,,
2024-02-03,6653365.0,120577.0,,
2024-02-04,6655759.0,120618.0,,
2024-02-05,6655759.0,120618.0,,
2024-02-06,6655759.0,120618.0,,
2024-02-07,6655759.0,120618.0,,
2024-02-08,6655759.0,120618.0,,
2024-02-09,6655759.0,120618.0,,
2024-02-10,6655759.0,120618.0,,
2024-02-11,6657552.0,120642.0,,
2024-02-12,6657552.0,120642.0,,
2024-02-13,6657552.0,120642.0,,
2024-02-14,6657552.0,120642.0,,
2024-02-15,6657552.0,120642.0,,
2024-02-16,6657552.0,120642.0,,
2024-02-17,6657552.0,120642.0,,
2024-02-18,6658852.0,120665.0,,
2024-02-19,6658852.0,120665.0,,
2024-02-20,6658852.0,120665.0,,
2024-02-21,6658852.0,120665.0,,
2024-02-22,6658852.0,120665.0,,
2024-02-23,6658852.0,120665.0,,
2024-02-24,6658852.0,120665.0,,
2024-02-25,6659959.0,120677.0,,
2024-02-26,6659959.0,120677.0,,
2024-02-27,6659959.0,120677.0,,
2024-02-28,6659959.0,120677.0,,
2024-02-29,6659959.0,120677.0,,
2024-03-01,6659959.0,120677.0,,
2024-03-02,6659959.0,120677.0,,
2024-03-03,6660642.0,120687.0,,
2024-03-04,6660642.0,120687.0,,
2024-03-05,6660642.0,120687.0,,
2024-03-06,6660642.0,120687.0,,
2024-03-07,6660642.0,120687.0,,
2024-03-08,6660642.0,120687.0,,
2024-03-09,6660642.0,120687.0,,
2024-03-10,6661109.0,120690.0,,
2024-03-11,6661109.0,120690.0,,
2024-03-12,6661109.0,120690.0,,
2024-03-13,6661109.0,120690.0,,
2024-03-14,6661109.0,120690.0,,
2024-03-15,6661109.0,120690.0,,
2024-03-16,6661109.0,120690.0,,
2024-03-17,6661489.0,120701.0,,
2024-03-18,6661489.0,120701.0,,
2024-03-19,6661489.0,120701.0,,
2024-03-20,6661489.0,120701.0,,
2024-03-21,6661489.0,120701.0,,
2024-03-22,6661489.0,120701.0,,
2024-03-23,6661489.0,120701.0,,
2024-03-24,6661766.0,120706.0,,
2024-03-25,6661766.0,120706.0,,
2024-03-26,6661766.0,120706.0,,
2024-03-27,6661766.0,120706.0,,
2024-03-28,6661766.0,120706.0,,
2024-03-29,6661766.0,120706.0,,
2024-03-30,6661766.0,120706.0,,
2024-03-31,6662019.0,120706.0,,
2024-04-01,6662019.0,120706.0,,
2024-04-02,6662019.0,120706.0,,
2024-04-03,6662019.0,120706.0,,
2024-04-04,6662019.0,120706.0,,
2024-04-05,6662019.0,120706.0,,
2024-04-06,6662019.0,120706.0,,
2024-04-07,6662190.0,120707.0,,
2024-04-08,6662190.0,120707.0,,
2024-04-09,6662190.0,120707.0,,
2024-04-10,6662190.0,120707.0,,
2024-04-11,6662190.0,120707.0,,
2024-04-12,6662190.0,120707.0,,
2024-04-13,6662190.0,120707.0,,
2024-04-14,6662326.0,120709.0,,
2024-04-15,6662326.0,120709.0,,
2024-04-16,6662326.0,120709.0,,
2024-04-17,6662326.0,120709.0,,
2024-04-18,6662326.0,120709.0,,
2024-04-19,6662326.0,120709.0,,
2024-04-20,6662326.0,120709.0,,
2024-04-21,6662411.0,120709.0,,
2024-04-22,6662411.0,120709.0,,
2024-04-23,6662411.0,120709.0,,
2024-04-24,6662411.0,120709.0,,
2024-04-25,6662411.0,120709.0,,
2024-04-26,6662411.0,120709.0,,
2024-04-27,6662411.0,120709.0,,
2024-04-28,6662521.0,120711.0,,
2024-04-29,6662521.0,120711.0,,
2024-04-30,6662521.0,120711.0,,
2024-05-01,6662521.0,120711.0,,
2024-05-02,6662521.0,120711.0,,
2024-05-03,6662521.0,120711.0,,
2024-05-04,6662521.0,120711.0,,
2024-05-05,6662631.0,120711.0,,
2024-05-06,6662631.0,120711.0,,
2024-05-07,6662631.0,120711.0,,
2024-05-08,6662631.0,120711.0,,
2024-05-09,6662631.0,120711.0,,
2024-05-10,6662631.0,120711.0,,
2024-05-11,6662631.0,120711.0,,
2024-05-12,6662732.0,120711.0,,
2024-05-13,6662732.0,120711.0,,
2024-05-14,6662732.0,120711.0,,
2024-05-15,6662732.0,120711.0,,
2024-05-16,6662732.0,120711.0,,
2024-05-17,6662732.0,120711.0,,
2024-05-18,6662732.0,120711.0,,
2024-05-19,6662888.0,120711.0,,
2024-05-20,6662888.0,120711.0,,
2024-05-21,6662888.0,120711.0,,
2024-05-22,6662888.0,120711.0,,
2024-05-23,6662888.0,120711.0,,
2024-05-24,6662888.0,120711.0,,
2024-05-25,6662888.0,120711.0,,
2024-05-26,6663029.0,120711.0,,
2024-05-27,6663029.0,120711.0,,
2024-05-28,6663029.0,120711.0,,
2024-05-29,6663029.0,120711.0,,
2024-05-30,6663029.0,120711.0,,
2024-05-31,6663029.0,120711.0,,
2024-06-01,6663029.0,120711.0,,
2024-06-02,6663154.0,120711.0,,
2024-06-03,6663154.0,120711.0,,
2024-06-04,6663154.0,120711.0,,
2024-06-05,6663154.0,120711.0,,
2024-06-06,6663154.0,120711.0,,
2024-06-07,6663154.0,120711.0,,
2024-06-08,6663154.0,120711.0,,
2024-06-09,6663325.0,120712.0,,
2024-06-10,6663325.0,120712.0,,
2024-06-11,6663325.0,120712.0,,
2024-06-12,6663325.0,120712.0,,
2024-06-13,6663325.0,120712.0,,
2024-06-14,6663325.0,120712.0,,
2024-06-15,6663325.0,120712.0,,
2024-06-16,6663580.0,120713.0,,
2024-06-17,6663580.0,120713.0,,
2024-06-18,6663580.0,120713.0,,
2024-06-19,6663580.0,120713.0,,
2024-06-20,6663580.0,120713.0,,
2024-06-21,6663580.0,120713.0,,
2024-06-22,6663580.0,120713.0,,
2024-06-23,6663965.0,120713.0,,
2024-06-24,6663965.0,120713.0,,
2024-06-25,6663965.0,120713.0,,
2024-06-26,6663965.0,120713.0,,
2024-06-27,6663965.0,120713.0,,
2024-06-28,6663965.0,120713.0,,
2024-06-29,6663965.0,120713.0,,
2024-06-30,6664416.0,120715.0,,
2024-07-01,6664416.0,120715.0,,
2024-07-02,6664416.0,120715.0,,
2024-07-03,6664416.0,120715.0,,
2024-07-04,6664416.0,120715.0,,
2024-07-05,6664416.0,120715.0,,
2024-07-06,6664416.0,120715.0,,
2024-07-07,6664935.0,120717.0,,
2024-07-08,6664935.0,120717.0,,
2024-07-09,6664935.0,120717.0,,
2024-07-10,6664935.0,120717.0,,
2024-07-11,6664935.0,120717.0,,
2024-07-12,6664935.0,120717.0,,
2024-07-13,6664935.0,120717.0,,
2024-07-14,6665723.0,120718.0,,
2024-07-15,6665723.0,120718.0,,
2024-07-16,6665723.0,120718.0,,
2024-07-17,6665723.0,120718.0,,
2024-07-18,6665723.0,120718.0,,
2024-07-19,6665723.0,120718.0,,
2024-07-20,6665723.0,120718.0,,
2024-07-21,6666637.0,120718.0,,
2024-07-22,6666637.0,120718.0,,
2024-07-23,6666637.0,120718.0,,
2024-07-24,6666637.0,120718.0,,
2024-07-25,6666637.0,120718.0,,
2024-07-26,6666637.0,120718.0,,
2024-07-27,6666637.0,120718.0,,
2024-07-28,6668336.0,120722.0,,
2024-07-29,6668336.0,120722.0,,
2024-07-30,6668336.0,120722.0,,
2024-07-31,6668336.0,120722.0,,
2024-08-01,6668336.0,120722.0,,
2024-08-02,6668336.0,120722.0,,
2024-08-03,6668336.0,120722.0,,
2024-08-04,6670799.0,120726.0,,
